{
  "project_info": {
    "project_number": "353043378",
    "project_id": "ipresent-67168",
    "storage_bucket": "ipresent-67168.appspot.com"
  },
  "client": [
    {
      "client_info": {
        "mobilesdk_app_id": "1:353043378:android:315ffd9cf33abdf92ddaab",
        "android_client_info": {
          "package_name": "com.example.ipresent"
        }
      },
      "oauth_client": [
        {
          "client_id": "353043378-bcqdvnsnas36aechhg2j6fgaamku9g9f.apps.googleusercontent.com",
          "client_type": 3
        }
      ],
      "api_key": [
        {
          "current_key": "AIzaSyAYGhw6dDhehwYGjiapBlhdtXInbsJW6dM"
        }
      ],
      "services": {
        "appinvite_service": {
          "other_platform_oauth_client": [
            {
              "client_id": "353043378-bcqdvnsnas36aechhg2j6fgaamku9g9f.apps.googleusercontent.com",
              "client_type": 3
            }
          ]
        }
      }
    }
  ],
  "configuration_version": "1"
}